{
    "countries":[
        { "Name": "Australia", "Code": "AU" },
        { "Name": "Bermuda", "Code": "BM" },
        { "Name": "Canada", "Code": "CA" },
        { "Name": "Cameroon", "Code": "CM" },
        { "Name": "Denmark", "Code": "DK" },
        { "Name": "France", "Code": "FR" },
        { "Name": "Finland", "Code": "FI" },
        { "Name": "Germany", "Code": "DE" },
        { "Name": "Greenland", "Code": "GL" },
        { "Name": "Hong Kong", "Code": "HK" },
        { "Name": "India", "Code": "IN" },
        { "Name": "Italy", "Code": "IT" },
        { "Name": "Japan", "Code": "JP" },
        { "Name": "Mexico", "Code": "MX" },
        { "Name": "Norway", "Code": "NO" },
        { "Name": "Poland", "Code": "PL" },
        { "Name": "Switzerland", "Code": "CH" },
        { "Name": "United Kingdom", "Code": "GB" },
        { "Name": "United States", "Code": "US" }
    ],
    "colorsData":[
        { "Color": "Chocolate", "Code": "#75523C" },
        { "Color": "CadetBlue", "Code": "#3B8289" },
        { "Color": "DarkOrange", "Code": "#FF843D" },
        { "Color": "DarkRed", "Code": "#CA3832" },
        { "Color": "Fuchsia", "Code": "#D44FA3" },
        { "Color": "HotPink", "Code": "#F23F82" },
        { "Color": "Indigo", "Code": "#2F5D81" },
        { "Color": "LimeGreen", "Code": "#4CD242" },
        { "Color": "OrangeRed", "Code": "#FE2A00" },
        { "Color": "Tomato", "Code": "#FF745C" }
    ],
    "data":[
        "Águilas",
        "Ajedrez",
        "Ala Delta",
        "Álbumes de Música",
        "Alusivos",
        "Análisis de Escritura a Mano",
        "Dyarbakır",
        "Derepazarı ",
        "Gülümsemek ",
        "Teşekkürler",
        "Güle güle.",
        "Gülhatmi",
        "Gülünç"
    ],
    "vegetableData":[
        { "Vegetable": "Cabbage", "Category": "Leafy and Salad", "Id": "item1" },
        { "Vegetable": "Chickpea", "Category": "Beans", "Id": "item2" },
        { "Vegetable": "Garlic", "Category": "Bulb and Stem", "Id": "item3" },
        { "Vegetable": "Green bean", "Category": "Beans", "Id": "item4" },
        { "Vegetable": "Horse gram", "Category": "Beans", "Id": "item5" },
        { "Vegetable": "Nopal", "Category": "Bulb and Stem", "Id": "item6" },
        { "Vegetable": "Onion", "Category": "Bulb and Stem", "Id": "item7" },
        { "Vegetable": "Pumpkins", "Category": "Leafy and Salad", "Id": "item8" },
        { "Vegetable": "Spinach", "Category": "Leafy and Salad", "Id": "item9" },
        { "Vegetable": "Wheat grass", "Category": "Leafy and Salad", "Id": "item10" },
        { "Vegetable": "Yarrow", "Category": "Leafy and Salad", "Id": "item11" }
    ],
    "sportsData" :[
        { "Id": "Game1", "Game": "American Football" },
        { "Id": "Game2", "Game": "Badminton" },
        { "Id": "Game3", "Game": "Basketball" },
        { "Id": "Game4", "Game": "Cricket" },
        { "Id": "Game5", "Game": "Football" },
        { "Id": "Game6", "Game": "Golf" },
        { "Id": "Game7", "Game": "Hockey" },
        { "Id": "Game8", "Game": "Rugby" },
        { "Id": "Game9", "Game": "Snooker" },
        { "Id": "Game10", "Game": "Tennis" }
    ],
    "empList":[
        { "Name": "Andrew Fuller", "Eimg": "7", "Job": "Team Lead", "Country": "England" },
        { "Name": "Anne Dodsworth", "Eimg": "1", "Job": "Developer", "Country": "USA" },
        { "Name": "Janet Leverling", "Eimg": "3", "Job": "HR", "Country": "USA" },
        { "Name": "Laura Callahan", "Eimg": "2", "Job": "Product Manager", "Country": "USA" },
        { "Name": "Margaret Peacock", "Eimg": "6", "Job": "Developer", "Country": "USA" },
        { "Name": "Michael Suyama", "Eimg": "9", "Job": "Team Lead", "Country": "USA" },
        { "Name": "Nancy Davolio", "Eimg": "4", "Job": "Product Manager", "Country": "USA" },
        { "Name": "Robert King", "Eimg": "8", "Job": "Developer ", "Country": "England" },
        { "Name": "Steven Buchanan", "Eimg": "10", "Job": "CEO", "Country": "England" }
    ]
}